doi,title,year,abstract,ieee_url,doi_url,semantic_scholar_url,pdf_url
10.1109/VRW66409.2025.00100,"Prototype development of a cross-reality digital twin ecosystem: the web, open source and open data",2025,"This work contributes to a broader initiative aimed at transforming a former industrial port area into a dynamic Knowledge Transfer Space (KTS). To support this transformation, we explore the development of a cross-reality (CR) digital twin of the port area, which integrates user interfaces with varying degrees of virtuality. We evaluate different web technologies, focusing on the balance between accessibility, immersion, scalability, and performance. By comparing client-side rendering with pixel streaming approaches, we aim to identify suitable solutions for prototyping a CR digital twin ecosystem. The development of a prototype is ongoing, based on a client-side rendering approach. The outcomes contribute to developing an open and transferable CR digital twin applicable to similar urban projects in other cities.",https://ieeexplore.ieee.org/document/VRW66409.2025.00100,https://doi.org/10.1109/VRW66409.2025.00100,https://www.semanticscholar.org/paper/567bf47c2080008d6671c2149c5df4b90d7fa674,
10.1109/ACCESS.2021.3119487,Twinbase: Open-Source Server Software for the Digital Twin Web,2021,"Digital twins are expected to form a network, a “Digital Twin Web,” in the future. Digital Twin Web follows a similar structure to the World Wide Web and consists of meta-level digital twins that are described as digital twin description documents and distributed via Digital Twin Web servers. Standards must be established before the Digital Twin Web can be used efficiently, and having an easily accessible server implementation can foster the development of those standards. Twinbase is an open-source, Git-based Digital Twin Web server developed with user-friendliness in mind. Twinbase stores digital twin documents in a Git repository, modifies them with Git workflows, and distributes them to users via a static web server, from which the documents can be accessed via a client library or a regular web browser. A demo server is available at https://dtw.twinbase.org and new server instances can be initialized free-of-charge at GitHub via its browser interface. Twinbase is built with GitHub repository, Pages, and Actions but can be extended to support other providers or self-hosting. We describe the underlying architecture of Twinbase to support the creation of derivative and alternative server implementations. The Digital Twin Web requires permanent, globally accessible, and transferable identifiers to function properly, and to address this issue, we introduce the concept of digital twin identifier registry. Performance measurements showed that the median response times for fetching a digital twin document from Twinbase varied between 0.4 and 1.2 seconds depending on the identifier registry.",https://ieeexplore.ieee.org/document/ACCESS.2021.3119487,https://doi.org/10.1109/ACCESS.2021.3119487,https://www.semanticscholar.org/paper/b7814a906e59bf4e6de5dc241406be0d0a1609f3,https://ieeexplore.ieee.org/ielx7/6287639/6514899/09568895.pdf
10.1109/ICCEA62105.2024.10603516,Engine Integration Using WebGL Depth Buffer and Rendering Method for Digital Twin Models,2024,"In recent years, with the continuous development of digital twin technology, its application scope has become increasingly widespread across various fields. Currently, static WebGIS applications built on the open-source 3D mapping framework Cesium fail to effectively showcase the dynamic process of model changes and struggle to seamlessly integrate models with environmental elements, thereby limiting the flexibility and applicability of digital twin applications in practical construction. To address this issue, this paper proposes an engine integration method based on depth buffering, aiming to achieve a depth integration between Cesium and general 3D rendering engines, thereby effectively enhancing Cesium’s model rendering capabilities in WebGIS application development. Furthermore, through in-depth exploration of graphic rendering algorithms, we have designed scene visualization algorithms applicable to different environmental parameters, achieving effective integration of models with environmental elements and successfully simulating the process of model dynamic changes.",https://ieeexplore.ieee.org/document/ICCEA62105.2024.10603516,https://doi.org/10.1109/ICCEA62105.2024.10603516,https://www.semanticscholar.org/paper/d8899178015dcd6b8489eb5aaddbd5f6f82a4dfa,
10.1109/SIBIRCON63777.2024.10758456,Development of a Web Server for Embedded Monitoring Systems with Indication of Dynamically Changing Data,2024,"A web server is being developed for embedded systems. The developed web server will display dynamically changing data. Web servers for embedded systems allow the dynamic display of data in real time via the Internet. These systems are perfect for managing physical processes, monitoring and controlling equipment, building automation, and more. Embedded web servers are compact, energy-efficient, and can operate in a variety of environmental conditions. The aim of this project is to create software code that can display real-time data from an electronic control unit using a web interface. During the development process, an analytical review of technical standards and modern technologies for displaying dynamically changing data using a web interface was conducted, and the necessary tools for development were selected. Based on written above, software code was developed to display real-time data from the electronic control unit using a web interface. This development can be used as part of a digital twin of a physical electronic device.",https://ieeexplore.ieee.org/document/SIBIRCON63777.2024.10758456,https://doi.org/10.1109/SIBIRCON63777.2024.10758456,https://www.semanticscholar.org/paper/834e8ee57f368d1270deaf89f099b245e6815dbf,
10.1109/EIECS63941.2024.10800548,Research on a Method for Realizing Three-Dimensional Real-Time Cloud Rendering Based on Cesium,2024,"As a cutting-edge development trend in the field of visualization, cloud rendering technology is currently dominated by game engine manufacturers. Cloud rendering technology based on WebGL engine has not yet been fully developed. This article conducts research on the method of three-dimensional real-time cloud rendering by developing cloud rendering through open-source WebGL engines, taking open-source component Cesium as the entry point. The aim is to solve the problem of high costs faced by small and micro enterprises when conducting secondary development and replacement of engines, thereby breaking through technical barriers and having independent ownership of core technology patents, and achieving a three-dimensional real-time cloud rendering technology application based on the Cesium engine.",https://ieeexplore.ieee.org/document/EIECS63941.2024.10800548,https://doi.org/10.1109/EIECS63941.2024.10800548,https://www.semanticscholar.org/paper/e36b79514334d41ee1dc98b3e17e2b6748b5d8c8,
10.1109/TELE55498.2022.9801058,The Concept of Creating a Software Digital Twin of an Electronic Device,2022,"The concept of creating a software digital twin of electronic devices is considered. This digital twin can be used as the basis of virtual simulators that are part of electronic teaching and training aids in the field of operation of high-tech products (electronic devices). Definitions, goals, problems of the electronic device digital twin are given. Also, digital twin structure and a variant of its implementation using web technologies are introduced.",https://ieeexplore.ieee.org/document/TELE55498.2022.9801058,https://doi.org/10.1109/TELE55498.2022.9801058,https://www.semanticscholar.org/paper/fdc3c4ecf8c98e69d0d056198c0ccc49047af967,
10.1109/ECTIDAMTNCON60518.2024.10480018,Smart Facilities Management using Digital Twin with 3D Web-Based Technology,2024,"This paper introduces the integration of real-time 3D web-based digital twin with the facilities management to demonstrate the results of 1) environmental monitoring systems and 2) occupancy rates in educational institutions to address the inefficient use of spare rooms. The digital twin also provides a real-time environment display suitable for students and staff using temperature, noise, relative humidity, air quality, and occupancy sensors. The structure of this digital twin display system is designed based on open-source principles suitable for educational institutions, as it is cost-effective and accessible to everyone. The operational framework of this display system is designed based on open-source principles, utilizing three-dimensional visualization and swift data retrieval. This makes it suitable for application in educational institutions and government facilities due to its cost-effectiveness and accessibility for everyone. The system can display content on various devices (cross-browser), including PCs and smart devices, without pre-installed programs. Based on performance comparison results, the system can achieve an average frame rate of 73.89 frames per second, displaying large-scale building maps with triangular polygons totaling 90,000. This method can be further extended for the future development of large-scale building maps for smart cities in areas with limited budgets.",https://ieeexplore.ieee.org/document/ECTIDAMTNCON60518.2024.10480018,https://doi.org/10.1109/ECTIDAMTNCON60518.2024.10480018,https://www.semanticscholar.org/paper/39dacb318f142f9dc44267f20327e508eec2afd4,
10.1109/ICIPNP57450.2022.00038,Research on Digital Twin City Platform Based on Unreal Engine,2022,"This paper focuses on the architecture of digital twin city platform based on UE4. The architecture is divided into three parts: access layer, rendering layer and service layer. The access layer provides access of 3D models and sensors. The rendering layer realizes 3D scene construction of the city, providing users with a real-time rendering 3D environment. The service layer provides data mapping and intelligent services combined with AI technology. This paper adopts B/S architecture to realize the interaction between Web and 3D virtual scene. It can be applied to traceability, monitoring, prediction and management of cities.",https://ieeexplore.ieee.org/document/ICIPNP57450.2022.00038,https://doi.org/10.1109/ICIPNP57450.2022.00038,https://www.semanticscholar.org/paper/42df957086bf82446ab91a93b97aba5a49ea57d9,
10.1109/TII.2021.3086149,Toward a Web-Based Digital Twin Thermal Power Plant,2021,"As a crucial part of cyber-physical systems, a digital twin can process data, visualize processes, and send commands to the control system, which can be used for the research on thermal power plants that are vital for providing energy for manufacturing and industry, and also daily consumptions. This article introduces the methodologies and techniques toward a web-based digital twin thermal power plant. To implement a web-based digital twin thermal power plant, the architecture, modeling, control algorithm, rule model, and physical-digital twin control are explored. The potential functionalities of the web-based digital twin including real-time monitoring, visualization and interactions, and provided services for physical thermal plants and universities are also presented. A case study has been provided to illustrate the web-based digital twin power plant. The research in this article can provide potential solutions for web-based digital twin research and education.",https://ieeexplore.ieee.org/document/TII.2021.3086149,https://doi.org/10.1109/TII.2021.3086149,https://www.semanticscholar.org/paper/bbef4ceb457f0ce098edc1b2742038764bcf7bdf,
10.1109/DTPI61353.2024.10778847,Research on the Implementation Method of Hybrid Graphics Engine for Water Conservancy Informatization,2024,"The integration and application of GIS, BIM, and digital twin technologies based on graphic engines is an emerging field in water conservancy information construction. However, a single graphic engine cannot simultaneously meet the diverse requirements of different water conservancy business applications and the operational needs of different terminals. This article is based on the business requirements of water conservancy informatization, and designs the overall architecture of multiple open-source graphics engines such as Maptalks, CesiumJS, ThreeJS, Unreal Engine, etc. It proposes a complete solution for key technical challenges such as multi dependency environment fusion, multi-language communication fusion, multi coordinate system fusion, multi architecture mode fusion, and multi engine rendering fusion, achieving a hybrid graphics engine for water conservancy informatization. The practical results show that the hybrid graphics engine implemented can significantly improve the development efficiency of water conservancy information systems, enrich the expression methods of water conservancy business functions, and have great potential for application in complex and diverse water conservancy information construction.",https://ieeexplore.ieee.org/document/DTPI61353.2024.10778847,https://doi.org/10.1109/DTPI61353.2024.10778847,https://www.semanticscholar.org/paper/27560855da39c429ddb54bdb73b1fdc2f524ae3b,
10.1109/TPWRS.2023.3308510,Web-Based Digital Twin Communication System of Power Systems for Training and Education,2024,"Power systems are a crucial infrastructure to ensure a sustainable supply of electricity and are thus important for industrial, commercial and domestic consumption. As an interactive and visualizing enabling technology, the digital twin can be effectively applied to the training and education of students and operators in power systems. This article discusses a web-based communication system of power systems (CSPS) constructed with digital twin technologies, and provides a digital replica of the communication system and process as well as the remote monitoring and control of the physical system, the detailed design and implementation of which are presented. The functionalities and uses of the digital twin CSPS are also provided. To illustrate the effectiveness of the proposed digital twin CSPS, a case study with optical fiber line fault detection that emulates a real scenario is conducted, which includes remote control-based digital twin interactions and visualization.",https://ieeexplore.ieee.org/document/TPWRS.2023.3308510,https://doi.org/10.1109/TPWRS.2023.3308510,https://www.semanticscholar.org/paper/938703d16b56fbf25e1e054e4cad060e13b11fe4,
10.1109/ICPS49255.2021.9468227,Developing Web-based Digital Twin of Assembly Lines for Industrial Cyber-physical Systems*,2021,"Modern manufacturing relies heavily on digital technologies, and the recent changes in the manufacturing environment are the reflection of the advancements in information and communication technologies. Web-based Digital Twin (WDT) will constitute the future of manufacturing giving a greater potential of process/product data interaction, where Digital Twin functions on a web browser and connects to its Physical Twin to exchange data. To this end, the research work on WDT is still in the first stages. Therefore, the current paper presents a framework for developing WDT taking into account the possibility of utilising WDT for education, research and industrial applications. A case study adopted from a mini-scale assembly line is used to illustrate the proposed concept.",https://ieeexplore.ieee.org/document/ICPS49255.2021.9468227,https://doi.org/10.1109/ICPS49255.2021.9468227,https://www.semanticscholar.org/paper/e537b109431f5e02ea1c7b1dbf0cf3eb9ce0de74,https://wrap.warwick.ac.uk/152157/7/WRAP-developing-web-based-digital-twin-industrial-cyber-physical-systems-Konstantinov-2021.pdf
10.1109/ACCESS.2023.3345253,Establishment of Web-Based Digital Twin System for Truss Gantry Crane,2023,"The concept of digital twin intends to establish a real-time mapping between physical and virtual spaces, which individuals can use for real-time monitoring and remote control of product operation. This paper presents a web-based truss gantry crane digital twin system. It elucidates the gradual design process of a web-based digital twin system for analyzing the structural performance of heavy equipment. The construction of a six-layer architectural framework for the digital twin system involves an analysis of its components and motion relationships. Sensors perform data collection to provide data support for real-time mapping of digital space to physical space. The setup of an Express server and the integration of routing files accomplish the data collection, transmission, and processing of the communication system, thereby avoiding a decrease in operational efficiency due to data read and write operations and making full use of the server’s capabilities. Use Chrome V8 engine to build 3D visualization space based on HTML and Three.js. Users only need to install a browser to log in to the system at any time and any place to carry out the corresponding operations. Upgrade and maintenance of the system is realized through the operation of the corresponding server, which greatly reduces the maintenance cost.",https://ieeexplore.ieee.org/document/ACCESS.2023.3345253,https://doi.org/10.1109/ACCESS.2023.3345253,https://www.semanticscholar.org/paper/c68d4b708a08e768f1bae940dbbb7670c5550930,https://ieeexplore.ieee.org/ielx7/6287639/6514899/10366279.pdf
10.1109/ICPS49255.2021.9468209,Utilising Web-based Digital Twin to Promote Assembly Line Sustainability,2021,"The shift towards utilising web-based technologies is trending as a reflection of the new business model of modern manufacturing. Web-based digital twin (WDT) has great potential for promoting sustainability in industrial cyber-physical systems. The current work demonstrates the mechanism by which a WDT architecture is established and utilised for improving sustainability. This is achieved by: a) accessing the control parameters that influence energy consumption, b) logging the energy consumption data and c) producing predictions by means of a computational algorithm. The objective is to support the system developer in delivering verified machine functionality along with trusted productivity and sustainability. The implementation is exemplified by an industrial case study adopted from a battery assembly production line.",https://ieeexplore.ieee.org/document/ICPS49255.2021.9468209,https://doi.org/10.1109/ICPS49255.2021.9468209,https://www.semanticscholar.org/paper/9e1f8cce35624e44d016fc9f0c0f9bb6e4cf5fd3,https://wrap.warwick.ac.uk/152155/7/WRAP-utilising-web-based-digital-twin-promote-assembly-line-sustainability-Assad-2021.pdf
10.1109/ICCRE49379.2020.9096464,Design and Development of Cyber Physical System for Real-Time Web-based Visualization and Control of Robot Arm,2020,"Since Cyber-Physical System or CPS currently takes part in industrial, there is a lot of research for developing this system. From the survey and the trend of CPS research, a human user interface for control and monitor was highlighted as Digital Twins where VR and AR are introduced to improve the visualization for easier system interpretation. This paper introduces the proposed design of real-time control web-based monitor and control of 4-DoF robotic arm system where the robotic arm represents a physical part and web-based visualization as a cyber-part. The 4-DoF robotic arm was utilized from MeArm robot and was controlled via ESP32 WROOM with Wi-Fi module in order to pursue wireless data transmission. WebSocket protocol will be exploited to connect between the physical and cyber-part where the virtual model was displayed and controlled via web-browser, the virtual model of the robot was created with 3D blender and operated with WebGL-based 3D application which can be integrated and run on web-browser without extension. The proposed design was evaluated with operational time and error between the controlled virtual model and actual physical angle, the result achieved 278.772 ms for average operational time and 0.32% in error of angle between virtual and actual. As a result, the proposed design provided two-way communication, real-time control, and monitor which can be applied in industrial applications.",https://ieeexplore.ieee.org/document/ICCRE49379.2020.9096464,https://doi.org/10.1109/ICCRE49379.2020.9096464,https://www.semanticscholar.org/paper/a0427575bbaffb31456f1319f1a5f8b267c13e04,
10.1109/CASE59546.2024.10711459,Development of a Simple and Novel Digital Twin Framework for Industrial Robots in Intelligent Robotics Manufacturing,2024,"This paper has proposed an easily replicable and novel approach for developing a Digital Twin (DT) system for industrial robots in intelligent manufacturing applications. Our framework enables effective communication via Robot Web Service (RWS), while a real-time simulation is implemented in Unity 3D and Web-based Platform without any other 3rd party tools. The framework can do real-time visualization and control of the entire work process, as well as implement real-time path planning based on algorithms executed in MATLAB. Results verify the high communication efficiency with a refresh rate of only 17ms. Furthermore, our developed web-based platform and Graphical User Interface (GUI) enable easy accessibility and user-friendliness in real-time control.",https://ieeexplore.ieee.org/document/CASE59546.2024.10711459,https://doi.org/10.1109/CASE59546.2024.10711459,https://www.semanticscholar.org/paper/90d05fb145845803db1944a29d91840808f3c1e3,
10.23919/CCC58697.2023.10239818,Online Control Method of DC Motor Based on Digital Twin Architecture in Network Environment,2023,"With the continuous development of information technologies, the digital twin has become one of the hot spots in recent years. In a digital twin system, the mathematical model of the control plant is mostly obtained from the derivation and computation of the mechanism model in the current remote virtual simulation. But in physical systems, the parameters primarily depend on the state of the system. A mathematical model for a physical system with time-varying characteristics is therefore inappropriate. Simultaneously, based on online identification and prediction, experiments were developed to carry out interdisciplinary comprehensive experimental education and conform with the growth of the engineering disciplines. In this paper, an online DT-based DC motor system is present. A five-dimension model of the DT system is designed and implemented with the physical DC motor system, DT 3D model, mathematical model, real-time data, and the online DT platform. The model parameters can be calculated and the future state can be predicted using the online identification and prediction method. Experiments show the stability of the DT architecture. The DT-predicted output can be consistent with the physical device output. Additionally, under certain circumstances, DT systems can take the place of the physical data in order to maintain the system's functionality.",https://ieeexplore.ieee.org/document/CCC58697.2023.10239818,https://doi.org/10.23919/CCC58697.2023.10239818,https://www.semanticscholar.org/paper/3cc9701f94adc208000c4350be1fb72ee98b5e05,
10.1109/ICRAS62427.2024.10654490,"Digital Twin of Industrial Robots Over the Cloud: Framework, Design and Analysis",2024,"This paper presents a novel approach for creating real-time, secure and interactable Digital Twins of industrial robots. This approach diverges from previous approaches that relied on Digital Twin Definition Language (DTDL). The proposed method uses Robotics Operating Systems (ROS) and the Unity Game Engine to build the Digital Twins. The prototype built to showcase this approach comprises 4 sub-systems namely Data Acquisition sub-system, Cloud sub-system, Digital Client sub-system, and Remote-Control sub-system. The methodology focuses on real-time data synchronization using cloud-based communication services like loT servers. There are also multiple security measures employed to secure the data- like passing data through proxy and end-to-end encryption of data. The prototype made using Niryo Ned 2 Robot and a Raspberry Pi 3b+ showcases accurate physical-Digital Twin and effective remote control. Key findings highlight the system's ability to overcome latency, security and data accuracy, which in turn helps improve human-robot collaboration and interactions. This research contributes to the Digital Twin field by providing a modular and scalable framework that can be adapted for various robots and systems. This paper not only provides the general idea for implementation and problems faced during development but also suggests pathways for future work, like - optimization of message rates, integration of machine learning for maintenance and other purposes.",https://ieeexplore.ieee.org/document/ICRAS62427.2024.10654490,https://doi.org/10.1109/ICRAS62427.2024.10654490,https://www.semanticscholar.org/paper/a60fdfa1327b5fb00bc7105385dac682b6cef4c8,
10.1109/CASE49997.2022.9926594,Data-Centric Workshop Digital Twin Conceptual Modeling Method And Application,2022,"The digital twin (DT) connects the physical world with the virtual world and is an integral part of the smart workshop. Existing digital twin modeling methods focus on the detailed description of modules and the interaction between modules, without considering the subject status of data, which limits the practical application of digital twins. Data-centric digital twin modeling methods can be well combined with computer programming languages to guide the implementation of digital twin applications. With the continuous advancement of big data and artificial intelligence, there is a need for an approach to modeling multi-dimensional digital twins at the conceptual level. To this end, this paper proposes a digital twin concept modeling method based on Artifact, which connects the five-dimensional digital twin framework and Web service semantics, which not only describes complex digital twin components, but also discovers Web service semantics to guide the implementation of programming languages. Based on this model, this research designs a digital twin concept modeling prototype system and models the digital twin of the warehouse workshop.",https://ieeexplore.ieee.org/document/CASE49997.2022.9926594,https://doi.org/10.1109/CASE49997.2022.9926594,https://www.semanticscholar.org/paper/3c36c4adf9059a4a583af10162de8333e8b2d0cd,
10.1109/ICOIICS67115.2025.11390394,Enhancing AI-Driven Digital Twin Platform for Optimizing Urban CO2 Capture and Climate Resilience,2025,"The proposal is to develop a digital twin platform at three sites with real-time data by leveraging IoT, data analytics, and web-based visualization. Air quality parameters such as CO2 concentration, temperature, and humidity are continuously monitored by sensors connected to an ESP32 microcontroller. Data is sent to a backend written in Python, where everything is stored and processed using MongoDB. Data is also obtained from Open Weather and Google Maps traffic APIs. A digital twin of the city is created to model carbon dispersion and analyze pollution under different environmental conditions. The data is processed through XGBoost to help in predicting future CO2 levels and identifying areas of the highest risk. An improvement method is employed to recommend the most efficient location of carboncapture devices to facilitate air quality with a limited budget. Besides this, the blockchain network custom-made for this purpose stores all the data collected and the predictions made. This architecture ensures secure storage along with transparency. The resulting web dashboard visualizes pollution trends, real-time sensor readings, and the potential impacts of proposed interventions. The system presents a realistic, data-driven approach to the problem of urban air pollution, which in turn, could be considered as a tool for smart cities sustainable development.",https://ieeexplore.ieee.org/document/ICOIICS67115.2025.11390394,https://doi.org/10.1109/ICOIICS67115.2025.11390394,https://www.semanticscholar.org/paper/8eb4ed8b293416b395afdecd794a660e2df603ca,
10.1109/ICDDS67737.2025.11344698,Real-Time Household Energy Analytics Using Digital Twin Technology,2025,"The rising global energy demand and environmental concerns have accelerated the need for intelligent energy management systems. This paper presents a Smart Energy Monitoring Framework Using Digital Twin Technology, integrating IoT, analytics, and visualization to optimize energy consumption. The proposed system builds a virtual representation of the physical energy network to support real-time tracking of voltage, current and power parameters using sensors interfaced with an ESP32 microcontroller. The acquired data is transmitted to the ThingSpeak cloud for analysis and subsequently visualized using Unity and Blender-based twin models. The system enables efficient decision-making, energy anomaly detection, and predictive insights, contributing to sustainable and data-driven power management. Additionally, data transmission is achieved through the MQTT (Message Queuing Telemetry Transport) protocol, and real-world energy visualization is performed via a web-based 3D interface.",https://ieeexplore.ieee.org/document/ICDDS67737.2025.11344698,https://doi.org/10.1109/ICDDS67737.2025.11344698,https://www.semanticscholar.org/paper/49f3a104132fabfbc186f7c58afeeb38fc3b8b07,
10.1109/e-Science58273.2023.10254845,Towards a Knowledge Graph Enhanced Automation and Collaboration Framework for Digital Twins,2023,"The Digital Twin (DT) provides a digital representation of a physical system and allows users to interactively study the physical processes of a real system via the digital representation in different scenarios in real time. The development of a DT is highly complex; it requires not only expertise from multiple disciplines but also the integration of often heterogeneous software components, e.g., simulations, machine learning, visualization, and user interface components across distributed environments. This poster presents a Knowledge Graph-based ontological framework to boost automation and collaboration during the DT lifecycle stages. We implement our methods in developing a what-if analysis service for a DT of an ecosystem of wetlands and its automated deployment to the Amazon Web Services (AWS) cloud.",https://ieeexplore.ieee.org/document/e-Science58273.2023.10254845,https://doi.org/10.1109/e-Science58273.2023.10254845,https://www.semanticscholar.org/paper/47b4563213a7c9650e1e765c032e3a0efd7ac3ac,
10.1109/ICUFN57995.2023.10199942,Design of Precision Medicine Web-service Platform Towards Health Care Digital Twin,2023,"Recently, there has been a growing interest in researching and developing personalized medical AI services. The previous AI medical systems rarely provided model output compared to multiple datasets and AI models. Currently, only few medical AI systems offer integrated platforms for multidisciplinary precision medicine services. Most existing medical AI systems include AI prognosis with a singular discipline in focus, such as elderly healthcare. This paper proposes a novel digital twin-based integrated precision medicine web-services platform. Our proposed system architecture can be easily implemented in hospital organization interfaces because of the ensured platform independence. Based on the prognostic requirements, we design the service interface with a broad spectrum of patient medical parameter selection (survival time, vital signs, etc.) made available for each medical service. The data related to each patient can be effortlessly updated in real-time. The services will predict and evaluate the accuracy of the visualized output along with the patient clinical information. To verify the feasibility of the proposed architecture, we implemented it with different AI medical services, such as 5 year lung cancer survival prediction, survival analysis with lung tumor segmentation and rapid response analysis. We observed that the architecture showed excellent performance. The architecture for this comprehensive precision medicine web-service platform (Comp-Med) is highly efficient and flexible. It is easily extensible to the new features, services, and updates that may get accommodated in the future.",https://ieeexplore.ieee.org/document/ICUFN57995.2023.10199942,https://doi.org/10.1109/ICUFN57995.2023.10199942,https://www.semanticscholar.org/paper/7ea1c5b48d1cd786f569d27d2214f01f05bf8979,
10.1109/ICUFN55119.2022.9829694,Design and Implementation of a Digital Twin Platform in Vertical Farming Systems,2022,"This paper proposes the framework design of a digital twin system on the real scale of a vertical farm. Specifically, in this paper, we design the system as the three-part of modules, 1) node of a real vertical farm, 2) gateway of a real vertical farm, 3) virtual world of the vertical farm as a digital twin server. We also choose to use the Eclipse Ditto framework, which is commonly used as an open-source in the digital twin. Finally, we implement the prototype of a digital twin system and tested it from 1 Jan to 31 Dec 2021.",https://ieeexplore.ieee.org/document/ICUFN55119.2022.9829694,https://doi.org/10.1109/ICUFN55119.2022.9829694,https://www.semanticscholar.org/paper/79437697c68b05000e29332d27ae13cba11ba85d,
10.1109/MODELS-C53483.2021.00042,Digital Twin Operational Platform for Connectivity and Accessibility using Flask Python,2021,"This paper demonstrates an example of an open-source, modular, and system independent framework that has been developed by a team of researchers working for the UK based DigiTwin project. The example in this paper is based on a framework for a digital twin operational platform (DTOP) that uses Flask Python, and is named DTOP-Cristallo. DTOPCristallo is an operational platform that uses HTML web pages as the interface between the digital twin simulations, both python based and 3rd party software based, and the user. This framework is particularly useful for connectivity with users, since it can deploy the digital twin with multiple accessibility options to accommodate a wide variety of intended uses.",https://ieeexplore.ieee.org/document/MODELS-C53483.2021.00042,https://doi.org/10.1109/MODELS-C53483.2021.00042,https://www.semanticscholar.org/paper/c3f189df4f4ffaaf03678476bb88a5d19da1f58b,https://strathprints.strath.ac.uk/83170/1/Bonney_etal_IEEE_ModDit_2021_Digital_twin_operational_platform_for_connectivity.pdf
10.1109/ICEPDS47235.2020.9249366,Digital Twin of an Electrical Motor Based on Empirical Performance Model,2020,"The concept of Digital Twin is creating and maintaining a digital representation of the real physical entity and supporting its performance utilizing simulation and optimization tools, which are fed with real data. Development and implementation of Digital Twin technology is a hot topic in many industry-oriented research projects. However, more detailed studies are needed on design methods for Digital Twins, which allows full synchronization and connectivity between virtual and real environments. This paper presents a development case study of Digital Twin for an electric motor based on an empirical performance model. The paper discusses the way how the data required for the Digital Twin were obtained and present a detailed structural description of the virtual entity. Unity3D is used for physics simulations and visualization of the Digital Twin, because of simple accessible and meticulously detailed documentation highly useful for rapid prototyping in early stages.",https://ieeexplore.ieee.org/document/ICEPDS47235.2020.9249366,https://doi.org/10.1109/ICEPDS47235.2020.9249366,https://www.semanticscholar.org/paper/198342d607ee80c806c21e026d70b769e88af4f9,
10.1109/DTPI59677.2023.10365476,Web-Based BIM Platform for Building Digital Twin,2023,"Building digital twin (BDT) is utilized throughout the lifecycle of a building. It serves for efficient operations during the design and construction phases, and during the operational and maintenance phases, it’s used for asset management and as field maps for robots. Building Information Modeling (BIM), which contains both semantics and geometry data of building elements, holds promise as a data source for BDT. We have extracted four key technical challenges of the digital twin, particularly vital during the operational and maintenance phases: software, visualization, update, and real-scene reconstruction. Due to the exclusive and static nature of BIM, these challenges also pose significant issues in the context of BDT. To address these challenges, we designed and implemented a Web-based BIM platform. The implemented application shows not only geometry data but also semantics data, enables easy overlay with the latest indoor conditions, and provides updating functionality. The developed system is essential for the continuous operation of BDT in dynamic indoor environments. We evaluated the application through a questionnaire survey.",https://ieeexplore.ieee.org/document/DTPI59677.2023.10365476,https://doi.org/10.1109/DTPI59677.2023.10365476,https://www.semanticscholar.org/paper/5f40fe9bf38788ef3ad01803eb63de967425ed43,
10.1109/COMM62355.2024.10741458,Digital Twin Architecture Based on Services Interoperability,2024,"Among the new concepts and technologies which appeared in several domains of activities and engineering, the Digital Twin is a very appealing one. The Digital Twin represents a virtual model of a physical object or process which mirrors dynamically the evolution of physical entity. Between the virtual system and the real world object, data communication channels are established for information gathering, analyzing, simulation processing. The data can be also exchanged between the virtual model and the physical object for adjusting real environment parameters and various services can be used and integrated within context. In this paper a Digital Twin architecture based on services interoperability, together with main complexity levels, integrated technologies and design method, suitable for Industry 4.0 and e-health application is presented.",https://ieeexplore.ieee.org/document/COMM62355.2024.10741458,https://doi.org/10.1109/COMM62355.2024.10741458,https://www.semanticscholar.org/paper/c7d02b7f2ea11099bca58eea84291f71f67994b5,
10.1109/ICONAT66879.2025.11362853,Digital Twin of Hydropower Plant,2025,"Digital Twin (DT) technology is revolutionizing industrial and infrastructure management by providing a real-time virtual representation of physical assets and processes. This paper presents a Digital Twin framework for hydropower plants, designed to enhance operational efficiency, predictive maintenance, and risk management. Leveraging Unity for 3D visualization, AWS Cloud for scalable data storage, and PostgreSQL for real-time and historical data analysis, the system integrates key parameters such as water levels, sediment deposition, and structural health to optimize water resource management and predict flood risks. The framework uses high-fidelity 3D models generated in Blender to simulate operational scenarios, allowing for more informed decision-making and proactive infrastructure management. This research underscores the potential of DT in supporting sustainable energy operations and disaster resilience in regions like Kerala, Assam, Punjab, and Madhya Pradesh, where hydropower infrastructure is vital for regional development and flood management.",https://ieeexplore.ieee.org/document/ICONAT66879.2025.11362853,https://doi.org/10.1109/ICONAT66879.2025.11362853,https://www.semanticscholar.org/paper/aa2cc9a08605a56a7c910f9cf6f473d47110d4c0,
10.1016/j.aei.2020.101225,Digital Twin as a Service (DTaaS) in Industry 4.0: An Architecture Reference Model,2021,"Recent findings have shown that Digital Twin served multiple constituencies. However, the dilemma between the scope and scale needs a sophisticated reference architecture, a right set of technologies, and a suitable business model. Most studies in the Digital Twin field have only focused on manufacturing and proposed explicit frameworks and architecture, which faced challenges to support different integration levels through an agile process. This study proposes Digital Twin as a Service (DTaaS) under Industry 4.0. A Digital Twin reference architecture was developed and applied in an industrial case, identifying suitable Industry 4.0 technologies and a holistic reference architecture model for the most challenging Digital Twin enabled applications.",,https://doi.org/10.1016/j.aei.2020.101225,,
rolle_rp_me_bauru_2019,Arquitetura para construção de gêmeos digitais com foco na Indústria 4.0,2019,"Este trabalho apresenta o desenvolvimento de uma arquitetura para construção de gêmeos digitais aderente à Indústria 4.0, composta por cinco módulos integrados via Ethernet/IP utilizando os protocolos TCP e UDP. O primeiro é o OpenPLC, controlador central em conformidade com IEC 61131-3. O segundo é o processo de automação real. O terceiro é o modelo matemático do processo em Matlab. O quarto é o módulo de visualização com modelo 3D animado desenvolvido em Unity3D. O quinto é o módulo de análise de dados. A validação foi realizada com implementação em dois processos de automação (estações de teste e separação de peças).",,https://repositorio.unesp.br/entities/publication/3a0c8df5-853e-4783-9b64-f5d1ce4cbe3f,,https://repositorio.unesp.br/bitstreams/aedd8f87-f9b7-49a9-b177-eb4eea409214/download
